{
    "$schema": "https://schema.management.azure.com/schemas/2019-04-01/deploymentTemplate.json#",
    "contentVersion": "1.0.0.0",
    "parameters": {
        "location": {
            "defaultValue": "[resourceGroup().location]",
            "type": "String"
        },
        "networkInterfaceName": {
            "defaultValue": "sqlvm198",
            "type": "String"
        },
        "networkSecurityGroupName": {
            "defaultValue": "SQLVM1-nsg",
            "type": "String"
        },
        "networkSecurityGroupRules": {
            "defaultValue": [{
                    "name": "RDP",
                    "properties": {
                        "priority": 300,
                        "protocol": "TCP",
                        "access": "Allow",
                        "direction": "Inbound",
                        "sourceAddressPrefix": "*",
                        "sourcePortRange": "*",
                        "destinationAddressPrefix": "*",
                        "destinationPortRange": "3389"
                    }
                },
                {
                    "name": "default-allow-sql",
                    "properties": {
                        "priority": 1600,
                        "protocol": "TCP",
                        "access": "Allow",
                        "direction": "Inbound",
                        "sourceAddressPrefix": "*",
                        "sourcePortRange": "*",
                        "destinationAddressPrefix": "*",
                        "destinationPortRange": "1433"
                    }
                }],
            "type": "Array"
        },
        "subnetName": {
            "defaultValue": "default",
            "type": "String"
        },
        "virtualNetworkName": {
            "defaultValue": "VNET1",
            "type": "String"
        },
        "addressPrefixes": {
            "defaultValue": ["10.0.0.0/24"],
            "type": "Array"
        },
        "subnets": {
            "defaultValue": [{
                    "name": "default",
                    "properties": {
                        "addressPrefix": "10.0.0.0/24"
                    }
                }],
            "type": "Array"
        },
        "publicIpAddressName": {
            "defaultValue": "SQLVM1-ip",
            "type": "String"
        },
        "publicIpAddressType": {
            "defaultValue": "Dynamic",
            "type": "String"
        },
        "publicIpAddressSku": {
            "defaultValue": "Basic",
            "type": "String"
        },
        "virtualMachineName": {
            "defaultValue": "SQLVM1",
            "type": "String"
        },
        "virtualMachineComputerName": {
            "defaultValue": "SQLVM1",
            "type": "String"
        },        
        "osDiskType": {
            "defaultValue": "Premium_LRS",
            "type": "String"
        },
        "dataDisks": {
            "defaultValue": [{
                    "lun": 0,
                    "createOption": "attach",
                    "caching": "ReadOnly",
                    "writeAcceleratorEnabled": false,
                    "id": null,
                    "name": "SQLVM1_DataDisk_0",
                    "storageAccountType": null,
                    "diskSizeGB": null,
                    "diskEncryptionSet": null
                },
                {
                    "lun": 1,
                    "createOption": "attach",
                    "caching": "None",
                    "writeAcceleratorEnabled": false,
                    "id": null,
                    "name": "SQLVM1_DataDisk_1",
                    "storageAccountType": null,
                    "diskSizeGB": null,
                    "diskEncryptionSet": null
                }],
            "type": "Array"
        },
        "dataDiskResources": {
            "defaultValue": [ {
                    "name": "SQLVM1_DataDisk_0",
                    "sku": "Premium_LRS",
                    "properties": {
                        "diskSizeGB": 1024,
                        "creationData": {
                            "createOption": "empty"
                        }
                    }
                },
                {
                    "name": "SQLVM1_DataDisk_1",
                    "sku": "Premium_LRS",
                    "properties": {
                        "diskSizeGB": 1024,
                        "creationData": {
                            "createOption": "empty"
                        }
                    }
                }],
            "type": "Array"
        },
        "virtualMachineSize": {
            "defaultValue": "Standard_B2ms",
            "type": "String"
        },
        "adminUsername": {
            "defaultValue": "AzureAdmin",
            "type": "String"
        },
        "adminPassword": {            
            "type": "SecureString",
            "defaultValue": "[concat('AzureSQL', resourcegroup().tags.LabInstance)]"
        },
        "patchMode": {
            "defaultValue": "AutomaticByOS",
            "type": "String"
        },
        "sqlVirtualMachineLocation": {
            "defaultValue": "[resourceGroup().location]",
            "type": "String"
        },
        "sqlVirtualMachineName": {
            "defaultValue": "SQLVM1",
            "type": "String"
        },
        "sqlConnectivityType": {
            "defaultValue": "Public",
            "type": "String"
        },
        "sqlPortNumber": {
            "defaultValue": 1433,
            "type": "Int"
        },        
        "sqlStorageWorkloadType": {
            "defaultValue": "OLTP",
            "type": "String"
        },
        "sqlStorageDisksConfigurationType": {
            "defaultValue": "NEW",
            "type": "String"
        },        
        "sqlAutopatchingDayOfWeek": {
            "defaultValue": "Sunday",
            "type": "String"
        },
        "sqlAutopatchingStartHour": {
            "defaultValue": "2",
            "type": "String"
        },
        "sqlAutopatchingWindowDuration": {
            "defaultValue": "60",
            "type": "String"
        },
        "sqlAuthenticationLogin": {
            "defaultValue": "AzureAdmin",
            "type": "String"
        },
        "sqlAuthenticationPassword": {
            "defaultValue": "[concat('AzureSQL', resourcegroup().tags.LabInstance)]",
            "type": "SecureString"
        },
        "dataPath": {
            "defaultValue": "F:\\data",
            "type": "String"
        },
        "dataDisksLUNs": {
            "defaultValue": [0],
            "type": "Array"
        },
        "logPath": {
            "defaultValue": "G:\\log",
            "type": "String"
        },
        "logDisksLUNs": {
            "defaultValue": [1],
            "type": "Array"
        },
        "tempDbPath": {
            "defaultValue": "D:\\tempDb",
            "type": "String"
        },
        "rServicesEnabled": {
            "defaultValue": "false",
            "type": "String"
        }
    },
    "variables": {
        "nsgId": "[resourceId(resourceGroup().name, 'Microsoft.Network/networkSecurityGroups', parameters('networkSecurityGroupName'))]",
        "vnetId": "[resourceId(resourceGroup().name,'Microsoft.Network/virtualNetworks', parameters('virtualNetworkName'))]",
        "subnetRef": "[concat(variables('vnetId'), '/subnets/', parameters('subnetName'))]"
    },
    "resources": [
        {
            "type": "Microsoft.Network/networkInterfaces",
            "apiVersion": "2019-07-01",
            "name": "[parameters('networkInterfaceName')]",
            "location": "[parameters('location')]",
            "dependsOn": [
                "[concat('Microsoft.Network/networkSecurityGroups/', parameters('networkSecurityGroupName'))]",
                "[concat('Microsoft.Network/virtualNetworks/', parameters('virtualNetworkName'))]",
                "[concat('Microsoft.Network/publicIpAddresses/', parameters('publicIpAddressName'))]"
            ],
            "properties": {
                "ipConfigurations": [
                    {
                        "name": "ipconfig1",
                        "properties": {
                            "subnet": {
                                "id": "[variables('subnetRef')]"
                            },
                            "privateIPAllocationMethod": "Dynamic",
                            "publicIpAddress": {
                                "id": "[resourceId(resourceGroup().name, 'Microsoft.Network/publicIpAddresses', parameters('publicIpAddressName'))]"
                            }
                        }
                    }
                ],
                "networkSecurityGroup": {
                    "id": "[variables('nsgId')]"
                }
            }
        },
        {
            "type": "Microsoft.Network/networkSecurityGroups",
            "apiVersion": "2019-02-01",
            "name": "[parameters('networkSecurityGroupName')]",
            "location": "[parameters('location')]",
            "properties": {
                "securityRules": "[parameters('networkSecurityGroupRules')]"
            }
        },
        {
            "type": "Microsoft.Network/virtualNetworks",
            "apiVersion": "2019-09-01",
            "name": "[parameters('virtualNetworkName')]",
            "location": "[parameters('location')]",
            "properties": {
                "addressSpace": {
                    "addressPrefixes": "[parameters('addressPrefixes')]"
                },
                "subnets": "[parameters('subnets')]"
            }
        },
        {
            "type": "Microsoft.Network/publicIpAddresses",
            "apiVersion": "2019-02-01",
            "name": "[parameters('publicIpAddressName')]",
            "location": "[parameters('location')]",
            "sku": {
                "name": "[parameters('publicIpAddressSku')]"
            },
            "properties": {
                "publicIpAllocationMethod": "[parameters('publicIpAddressType')]"
            }
        },
        {
            "type": "Microsoft.Compute/disks",
            "apiVersion": "2020-05-01",
            "name": "[parameters('dataDiskResources')[copyIndex()].name]",
            "location": "[parameters('location')]",
            "sku": {
                "name": "[parameters('dataDiskResources')[copyIndex()].sku]"
            },
            "properties": "[parameters('dataDiskResources')[copyIndex()].properties]",
            "copy": {
                "name": "managedDiskResources",
                "count": "[length(parameters('dataDiskResources'))]"
            }
        },
        {
            "type": "Microsoft.Compute/virtualMachines",
            "apiVersion": "2020-06-01",
            "name": "[parameters('virtualMachineName')]",
            "location": "[parameters('location')]",
            "dependsOn": [
                "managedDiskResources",
                "[concat('Microsoft.Network/networkInterfaces/', parameters('networkInterfaceName'))]"
            ],
            "properties": {
                "hardwareProfile": {
                    "vmSize": "[parameters('virtualMachineSize')]"
                },
                "storageProfile": {
                    "osDisk": {
                        "createOption": "fromImage",
                        "managedDisk": {
                            "storageAccountType": "[parameters('osDiskType')]"
                        }
                    },
                    "imageReference": {
                        "publisher": "microsoftsqlserver",
                        "offer": "sql2019-ws2019",
                        "sku": "sqldev",
                        "version": "latest"
                    },
                    "copy": [
                        {
                            "name": "dataDisks",
                            "count": "[length(parameters('dataDisks'))]",
                            "input": {
                                "lun": "[parameters('dataDisks')[copyIndex('dataDisks')].lun]",
                                "createOption": "[parameters('dataDisks')[copyIndex('dataDisks')].createOption]",
                                "caching": "[parameters('dataDisks')[copyIndex('dataDisks')].caching]",
                                "writeAcceleratorEnabled": "[parameters('dataDisks')[copyIndex('dataDisks')].writeAcceleratorEnabled]",
                                "diskSizeGB": "[parameters('dataDisks')[copyIndex('dataDisks')].diskSizeGB]",
                                "managedDisk": {
                                    "id": "[coalesce(parameters('dataDisks')[copyIndex('dataDisks')].id, if(equals(parameters('dataDisks')[copyIndex('dataDisks')].name, json('null')), json('null'), resourceId('Microsoft.Compute/disks', parameters('dataDisks')[copyIndex('dataDisks')].name)))]",
                                    "storageAccountType": "[parameters('dataDisks')[copyIndex('dataDisks')].storageAccountType]",
                                    "diskEncryptionSet": "[parameters('dataDisks')[copyIndex('dataDisks')].diskEncryptionSet]"
                                }
                            }
                        }
                    ]
                },
                "networkProfile": {
                    "networkInterfaces": [
                        {
                            "id": "[resourceId('Microsoft.Network/networkInterfaces', parameters('networkInterfaceName'))]"
                        }
                    ]
                },
                "osProfile": {
                    "computerName": "[parameters('virtualMachineComputerName')]",
                    "adminUsername": "[parameters('adminUsername')]",
                    "adminPassword": "[parameters('adminPassword')]",
                    "windowsConfiguration": {
                        "enableAutomaticUpdates": true,
                        "provisionVmAgent": true,
                        "patchSettings": {
                            "patchMode": "[parameters('patchMode')]"
                        }
                    }
                }
            }
        },
        {
            "type": "Microsoft.SqlVirtualMachine/SqlVirtualMachines",
            "apiVersion": "2017-03-01-preview",
            "name": "[parameters('sqlVirtualMachineName')]",
            "location": "[parameters('sqlVirtualMachineLocation')]",
            "dependsOn": [
                "[resourceId('Microsoft.Compute/virtualMachines', parameters('sqlVirtualMachineName'))]"
            ],
            "properties": {
                "virtualMachineResourceId": "[resourceId('Microsoft.Compute/virtualMachines', parameters('sqlVirtualMachineName'))]",
                "sqlManagement": "Full",
                "SqlServerLicenseType": "PAYG",
                "AutoPatchingSettings": {
                    "Enable": true,
                    "DayOfWeek": "[parameters('sqlAutopatchingDayOfWeek')]",
                    "MaintenanceWindowStartingHour": "[parameters('sqlAutopatchingStartHour')]",
                    "MaintenanceWindowDuration": "[parameters('sqlAutopatchingWindowDuration')]"
                },
                "KeyVaultCredentialSettings": {
                    "Enable": false,
                    "CredentialName": ""
                },
                "StorageConfigurationSettings": {
                    "DiskConfigurationType": "[parameters('sqlStorageDisksConfigurationType')]",
                    "StorageWorkloadType": "[parameters('sqlStorageWorkloadType')]",
                    "SQLDataSettings": {
                        "LUNs": "[parameters('dataDisksLUNs')]",
                        "DefaultFilePath": "[parameters('dataPath')]"
                    },
                    "SQLLogSettings": {
                        "LUNs": "[parameters('logDisksLUNs')]",
                        "DefaultFilePath": "[parameters('logPath')]"
                    },
                    "SQLTempDbSettings": {
                        "DefaultFilePath": "[parameters('tempDbPath')]"
                    }
                },
                "ServerConfigurationsManagementSettings": {
                    "SQLConnectivityUpdateSettings": {
                        "ConnectivityType": "[parameters('sqlConnectivityType')]",
                        "Port": "[parameters('sqlPortNumber')]",
                        "SQLAuthUpdateUserName": "[parameters('sqlAuthenticationLogin')]",
                        "SQLAuthUpdatePassword": "[parameters('sqlAuthenticationPassword')]"
                    },
                    "AdditionalFeaturesServerConfigurations": {
                        "IsRServicesEnabled": "[parameters('rServicesEnabled')]"
                    }
                }
            }
        }
    ],
    "outputs": {
        "adminUsername": {
            "type": "String",
            "value": "[parameters('adminUsername')]"
        },
        "adminPassword": {
            "type": "string",
            "value": "[concat('AzureSQL', resourcegroup().tags.LabInstance)]"
        }
    }
}