{
    "if": {
        "not": {
            "anyOf": [
                {
                    "allOf": [
                        {
                            "field": "type",
                            "equals": "Microsoft.Compute/virtualMachines"
                        },
                        {
                            "field": "Microsoft.Compute/virtualMachines/sku.name",
                            "in": [
                                "",
                                "",
                                ""                                
                            ]
                        },
                        {

                        },
                        {

                        }
                    ]
                },                
                {
                    "field": "type",
                    "contains": ""
                },
                {
                    "field": "type",
                    "contains": ""
                },
                {
                    "field": "type",
                    "contains": ""
                },                
                {
                    "field": "type",
                    "contains": ""
                },
                {
                    "field": "type",
                    "in":[
                        "Microsoft.Compute/disks",
                        "Microsoft.Devices/IotHubs",
                        "Microsoft.Network/networkInterfaces",
                        "Microsoft.Network/networkSecurityGroups",
                        "Microsoft.Network/publicIPAddresses",
                        "Microsoft.Network/virtualNetworks",
                        "Microsoft.Storage/storageAccounts"
                    ]
                }                
            ]
        }
    },
    "then": {
        "effect": "deny"
    }
}

