{
    "if": {
        "not": {
            "anyOf": [
                {
                    "allOf": [
                        {
                            "field": "type",
                            "equals": "Microsoft.ContainerInstance/containerGroups"
                        },
                        {
                            "field": "name",
                            "equals": "mycontainer"
                        },
                        {
                            "field": "Microsoft.ContainerInstance/containerGroups/containers[*].image",
                            "contains": "mcr.microsoft.com/azuredocs/aci-helloworld"
                        },
                        {
                            "field": "Microsoft.ContainerInstance/containerGroups/containers[*].resources.requests.memoryInGB",
                            "equals": 1.5
                        },
                        {
                            "field": "Microsoft.ContainerInstance/containerGroups/containers[*].resources.requests.cpu",
                            "equals": 1
                        },
                        {
                            "field": "Microsoft.ContainerInstance/containerGroups/containers[*].resources.requests.gpu.count",
                            "exists": false
                        }
                    ]
                }                
            ]
        }
    },
    "then": {
        "effect": "deny"
    }
}