{
    "if": {
        "not": {
            "anyOf": [                
                {
                    "allOf": [
                        {
                            "field": "type",
                            "equals": "Microsoft.Compute/virtualMachines"
                        },                        
                        {
                            "field": "Microsoft.Compute/virtualMachines/sku.name",
                            "in": [
                                "Standard_B2ms"
                            ]
                        },
                        {
                            "field": "Microsoft.Compute/virtualMachines/imageOffer",
                            "equals": "sql2019-ws2019"
                        },
                        {
                            "anyOf": [
                                {
                                    "field":"id",
                                    "contains": "/RG1/"
                                },
                                {
                                    "field":"id",
                                    "contains": "/RG2/"
                                },
                                {
                                    "field":"id",
                                    "contains": "/RG3/"
                                },
                                {
                                    "field": "id",
                                    "contains": "/RG4/"
                                }                                
                            ]
                        },                        
                        {
                            "field": "location",
                            "In": [
                                "[resourceGroup().location]"
                            ]
                        }
                    ]
                },
                {
                    "field": "type",
                    "contains": "Microsoft.Sql/servers"
                },
                {
                    "field": "type",
                    "contains": "Microsoft.SqlVirtualMachine/sqlVirtualMachines"
                },                
                {
                    "field": "type",
                    "contains": "Microsoft.Compute/disks"
                },
                {
                    "field": "type",
                    "contains": "Microsoft.Web"
                },                
                {
                    "field": "type",
                    "contains": "Microsoft.Network"
                },
                {
                    "field": "type",
                    "contains": "Microsoft.Compute/virtualMachines/extensions"
                }
            ]
        }
    },
    "then": {
        "effect": "Deny"
    }
}