{
    "if": {
        "not": {
            "anyOf": [
                {
                    "allOf": [
                        {
                            "field": "type",
                            "equals": "Microsoft.Compute/virtualMachines"
                        },
                        {
                            "field": "Microsoft.Compute/virtualMachines/sku.name",
                            "in": [
                                "Standard_D2S_v3",
                                "Standard_DS3_v2",
                                "Standard_B1s",
                                "Standard_B1ms"                                
                            ]
                        },
                        {
                            "field": "name",
                            "in": [
                                "2016-N1",
                                "2016-N2",
                                "2016-N3",
                                "2022-N1",
                                "2022-N2",
                                "2022-N3",
                                "GEARS-DC"                                
                            ]
                        },
                        {
				            "field": "location",
				            "In": [
					        "eastus",
                            "[resourceGroup().location]"
				            ]
			            }
                    ]
                },                
                {
                    "field": "type",
                    "contains": "Microsoft.Network/"
                },
                {
                    "field": "type",
                    "contains": "Microsoft.Compute/disks"
                },
                {
                    "field": "type",
                    "contains": "Microsoft.Compute/virtualMachines/extensions"
                },                
                {
                    "field": "type",
                    "contains": "Microsoft.Storage/storageAccounts"
                }
            ]
        }
    },
    "then": {
        "effect": "deny"
    }
}

