{
    "if": {
        "not": {
          "anyOf": [
            {
              "allOf": [
                {
                  "field": "type",
                  "equals": "Microsoft.Web/sites"
                },
                {
                  "field": "name",
                  "in": [
                    "[concat('website',resourcegroup().tags.LabInstance)]"
                  ]
                },
                {
                  "field": "location",
                  "In": [
                    "[resourceGroup().location]"
                  ]
                }
              ]
            },
            {
              "allOf": [
                {
                  "field": "type",
                  "equals": "Microsoft.web/serverfarms"
                },
                {
                    "field": "Name",
                    "equals": "[concat('AppPlan',resourcegroup().tags.LabInstance)]"
                },                
                {
                  "field": "Microsoft.web/serverfarms/sku.name",
                  "equals": "S1"
                },
                {
                  "field": "Microsoft.web/serverfarms/sku.tier",
                  "equals": "Standard"
                },
                {
                  "field": "Microsoft.web/serverfarms/sku.capacity",
                  "lessOrEquals": 1
                },
                {
                    "field": "location",
                    "In": [
                      "[resourceGroup().location]"
                    ]
                  }
              ]
            },
            {
              "field": "type",
              "contains": "Microsoft.Storage/storageAccounts"
            }
          ]
        }
       },
        "then": {
        "effect": "deny"
    }
}