{
  "if": {
      "not": {
          "anyOf": [
              {
                  "allOf": [
                      {
                          "field": "type",
                          "contains": "Microsoft.Sql/servers"
                      },
                      {
                          "field": "name",
                          "equals": "[concat(resourcegroup().tags.LabInstance,'-sql-db')]"
                      },
                      {
                          "field": "location",
                          "in": [
                              "westus",
                              "eastus",
                              "eastus2",
                              "[resourceGroup().location]"
                          ]
                      }
                  ]
              },
              {
                  "allOf": [
                      {
                          "field": "type",
                          "equals": "Microsoft.Sql/servers/databases"
                      },
                      {
                          "anyOf": [
                              {
                                  "field": "name",
                                  "equals": "student-db"
                              },
                              {
                                  "field": "name",
                                  "equals": "[concat(resourcegroup().tags.LabInstance,'-sql-db','/student-db')]"
                              }
                          ]
                      },                        
                      {
                          "field": "Microsoft.Sql/servers/databases/sku.name",
                          "equals": "Basic"
                      },
                      {
                          "field": "Microsoft.Sql/servers/databases/sku.tier",
                          "equals": "Basic"
                      },
                      {
                          "field": "Microsoft.Sql/servers/databases/sku.capacity",
                          "lessOrEquals": 5
                      }
                  ]
              }
          ]
      }
  },
  "then": {
      "effect": "Deny"
  }
}