{
    "$schema": "https://schema.management.azure.com/schemas/2019-04-01/deploymentTemplate.json#",
    "contentVersion": "1.0.0.0",
    "parameters": {
      "skuName": {
        "type": "string",
        "defaultValue": "S1",
        "allowedValues": [
          "F1",
          "D1",
          "B1",
          "B2",
          "B3",
          "S1",
          "S2",
          "S3",
          "P1",
          "P2",
          "P3",
          "P4"
        ],
        "metadata": {
          "description": "Describes plan's pricing tier and instance size. Check details at https://azure.microsoft.com/en-us/pricing/details/app-service/"
        }
      },
      "skuCapacity": {
        "type": "int",
        "defaultValue": 1,
        "minValue": 1,
        "metadata": {
          "description": "Describes plan's instance count"
        }
      },
      "sqlAdministratorLogin": {
        "type": "string",
        "defaultValue": "SQLAdmin",
        "metadata": {
          "description": "The admin user of the SQL Server"
        }
      },
      "sqlAdministratorLoginPassword": {
        "type": "securestring",
        "defaultValue": "SqlPassw0rd!",
        "metadata": {
          "description": "The password of the admin user of the SQL Server"
        }
      },
      "hostingPlanName": {
        "type": "string",
        "defaultValue": "[concat('hostingplan', '-', resourcegroup().tags.LabInstance)]",
        "metadata": {
          "description": "App plan name"
        }
      },
      "webSiteName": {
        "type": "string",
        "defaultValue": "[concat('webSite', '-', resourcegroup().tags.LabInstance)]",
        "metadata": {
          "description": "Web site name"
        }
      },
      "sqlserverName": {
        "type": "string",
        "defaultValue": "[concat('sqlserver', '-', resourcegroup().tags.LabInstance)]",
        "metadata": {
          "description": "SQL Server Name"
        }
      },
      "databaseName": {
        "type": "string",
        "defaultValue": "sampledb",
        "metadata": {
          "description": "Database name"
        }
      }
    },
  
    "variables": {
    },
    "resources": [
      {
        "name": "[parameters('sqlserverName')]",
        "type": "Microsoft.Sql/servers",
        "location": "[resourceGroup().location]",
        "tags": {
          "displayName": "SqlServer"
        },
        "apiVersion": "2014-04-01",
        "properties": {
          "administratorLogin": "[parameters('sqlAdministratorLogin')]",
          "administratorLoginPassword": "[parameters('sqlAdministratorLoginPassword')]",
          "version": "12.0"
        },
        "resources": [
          {
            "name": "[parameters('databaseName')]",
            "type": "databases",
            "location": "[resourceGroup().location]",
            "tags": {
              "displayName": "Database"
            },
            "apiVersion": "2015-01-01",
            "dependsOn": [
              "[parameters('sqlserverName')]"
            ],
            "properties": {
              "edition": "Basic",
              "collation": "SQL_Latin1_General_CP1_CI_AS",
              "maxSizeBytes": "1073741824",
              "requestedServiceObjectiveName": "Basic"
            }
          },
          {
            "type": "firewallrules",
            "apiVersion": "2014-04-01",
            "dependsOn": [
              "[parameters('sqlserverName')]"
            ],
            "location": "[resourceGroup().location]",
            "name": "AllowAllWindowsAzureIps",
            "properties": {
              "endIpAddress": "0.0.0.0",
              "startIpAddress": "0.0.0.0"
            }
          }
        ]
      },
      {
        "apiVersion": "2016-03-01",
        "name": "[parameters('hostingPlanName')]",
        "type": "Microsoft.Web/serverfarms",
        "location": "[resourceGroup().location]",
        "tags": {
          "displayName": "HostingPlan"
        },
        "sku": {
          "name": "[parameters('skuName')]",
          "capacity": "[parameters('skuCapacity')]"
        },
        "properties": {
          "name": "[parameters('hostingPlanName')]"
        }
      },
      {
        "apiVersion": "2016-03-01",
        "name": "[parameters('webSiteName')]",
        "type": "Microsoft.Web/sites",
        "location": "[resourceGroup().location]",
        "dependsOn": [
          "[parameters('hostingPlanName')]"
        ],
        "tags": {
          "[concat('hidden-related:', resourceId('Microsoft.Web/serverfarms', parameters('hostingPlanName')))]": "empty",
          "displayName": "Website"
        },
        "properties": {
          "name": "[parameters('webSiteName')]",
          "serverFarmId": "[resourceId('Microsoft.Web/serverfarms', parameters('hostingPlanName'))]"
        },
        "resources": [
          {
            "apiVersion": "2016-03-01",
            "type": "config",
            "name": "connectionstrings",
            "dependsOn": [
              "[parameters('webSiteName')]"
            ],
            "properties": {
              "DefaultConnection": {
                "value": "[concat('Data Source=tcp:', reference(concat('Microsoft.Sql/servers/', parameters('sqlserverName'))).fullyQualifiedDomainName, ',1433;Initial Catalog=', parameters('databaseName'), ';User Id=', parameters('sqlAdministratorLogin'), '@', reference(concat('Microsoft.Sql/servers/', parameters('sqlserverName'))).fullyQualifiedDomainName, ';Password=', parameters('sqlAdministratorLoginPassword'), ';')]",
                "type": "SQLAzure"
              }
            }
          }
        ]
      }
    ]
  }